yummy-icecream-timing-by-gps-multiunit,https://soracom.jp/recipes_index/3830/
geo-position-by-soracom-lte-m-button,https://soracom.jp/recipes_index/2967/
air-environment-by-gps-multiunit,https://soracom.jp/recipes_index/2962/
ambient-monitor-box-by-iot-starter-kit-for-arduino,https://soracom.jp/recipes_index/4919/
secure-remote-access-to-raspberry-pi,https://soracom.jp/recipes_index/4171/
poka-yoke-for-coffee-dispenser-by-m5stack,https://soracom.jp/recipes_index/3345/
ill-be-back-by-soracom-lte-m-button-powered-by-aws,https://soracom.jp/recipes_index/2964/
door-monitoring-by-iot-starter-kit-magnetic-sensor,https://soracom.jp/recipes_index/2966/
quick-start-ocr-by-s+camera-basic,https://soracom.jp/recipes_index/3967/
water-level-marker-by-dry-contact-converter,https://soracom.jp/recipes_index/3810/
status-changer-by-gps-multiunit,https://soracom.jp/recipes_index/3401/
rain-monitoring-by-m5stack,https://soracom.jp/recipes_index/2960/
tv-power-monitoring-by-wio-lte-light-sensor,https://soracom.jp/recipes_index/4030/
site-viewer-by-raspberry-pi,https://soracom.jp/recipes_index/2956/
iamhome-by-wio-lte-ultrasonic-sensor,https://soracom.jp/recipes_index/2958/
vehicle-tracking-by-meitrack-rt299,https://soracom.jp/recipes_index/4842/
secure-remote-access-by-abit-ak-130,https://soracom.jp/recipes_index/3015/
vehicle-tracking-by-meitrack-t366,https://soracom.jp/recipes_index/3010/